文章日期,文章标题,文章链接,评论昵称,评论内容,评论点赞数,留言回复,留言时间,
2022-03-13,3月12日深圳在隔离观察的密接者中发现28例，在重点区域、重点人群和社区筛查中发现38例新增病例,http://mp.weixin.qq.com/s?__biz=MzIxNDA0MTExMg==&amp;mid=2652151890&amp;idx=1&amp;sn=ed78a82210e3768434134af9f75ac9f4&amp;chksm=8c4d9725bb3a1e33bcce981a4d84d70f4246df01c1417013803f9870db2f7a6a60f13fba48cf&amp;scene=27#wechat_redirect,miumiu,我想见我男朋友了，快忘了他长啥样了[流泪][流泪][流泪],10841,,2022-03-13 08:05:23
2022-03-12,深圳福田，5地中风险！,http://mp.weixin.qq.com/s?__biz=MzIxNDA0MTExMg==&amp;mid=2652151811&amp;idx=1&amp;sn=85aa64bd60151e84741e5f8f66dddb13&amp;chksm=8c4d9774bb3a1e624e93dcbe7f4519d77eeb18da5043c2dcfea1066aa61a03a6a741de690735&amp;scene=27#wechat_redirect,刘琦,现在深圳疫情严重，我老婆做美业的，早就停业了，因为有护士证，前段时间给我说去支援做核酸采集员，又担心11个月娃在家比较闹，我说家里交给我，放心去支援吧，做好防护。现在她做核酸采集员一周了，因为戴口罩，脸皮已经出现了明显的压痕，很心疼。深圳加油！[加油][加油],11739,,2022-03-12 13:43:48
2022-03-12,全面暂停堂食！深圳“10+1”区齐发通告,http://mp.weixin.qq.com/s?__biz=MzIxNDA0MTExMg==&amp;mid=2652151741&amp;idx=1&amp;sn=fdb909317a9c5907ace2974e7bce483d&amp;chksm=8c4da8cabb3a21dced67cc7dba55d89b120c631db5f3bf6be5fa409bf406b8b3bee7b6ca35dc&amp;scene=27#wechat_redirect,Time🏧,我是一名外卖员，毫不避讳的说，现在这个形势真的是外卖员的春天，商家出餐快，无接触配送统一存放无需上楼对我们这个行业简直是极大的方便，但是我不喜欢这样，我不希望我们的方便是建立在所有人的痛苦之上，我怀念以前爬7楼给顾客送餐的样子，我怀念看到商家忙的不可开交的情景，我希望疫情快快结束，哪怕让我爬9楼我也毫无怨言，我希望亲手把美味交到顾客手里说上一句祝您用餐愉快，我希望一切恢复正常🙏,34488,,2022-03-12 09:46:12
2022-03-11,3月10日深圳在隔离观察的密接者中发现4例、在重点区域筛查中发现7例新增病例,http://mp.weixin.qq.com/s?__biz=MzIxNDA0MTExMg==&amp;mid=2652151508&amp;idx=1&amp;sn=3b5b1e34a034afdd79f140c5b4857587&amp;chksm=8c4da9a3bb3a20b597034c6e8b291fe2714a8e010c0ac0f84fe96433e5a4760a9ef845059618&amp;scene=27#wechat_redirect,花开富贵🌸,流调猪脚饭可能会迟到，但是永远不会缺席[吃瓜][吃瓜],11392,,2022-03-11 07:57:40
2022-03-09,3月8日深圳在隔离观察的密接者中发现5例、在重点区域筛查中发现1例新增病例,http://mp.weixin.qq.com/s?__biz=MzIxNDA0MTExMg==&amp;mid=2652151178&amp;idx=1&amp;sn=d4d17f83a726f2398f0b8ecece3c8ee4&amp;chksm=8c4daafdbb3a23eba0df1ac96e0c8e939937947a50a0ef16ab03966ee8001d10314dece31eda&amp;scene=27#wechat_redirect,西里彭,"深圳2022疫情课代表：
1月31日  1
2月1日    3
2月2日    4
2月3日    3
2月4日    2
2月6日    3
2月12日  1
2月13日  1
2月14日   2
2月15日   3
2月16日   8
2月17日   3
2月18日   3
2月19日   8
2月20日   7
2月21日   3
2月22日   8
2月23日   9
2月24日   13
2月25日   18
2月26日   30
2月27日   36
2月28日   28
3月1日     25
3月2日     25
3月3日     22
3月4日     21
3月5日     17
3月6日     19
3月7日      13
3月8日      6
深圳加油！
[加油][加油][加油]",10518,,2022-03-09 07:59:56
2022-03-07,水围村抓到一个偷渡的？深圳警方辟谣！,http://mp.weixin.qq.com/s?__biz=MzIxNDA0MTExMg==&amp;mid=2652150932&amp;idx=1&amp;sn=80cecf26f656429bba2d536ad12db51c&amp;chksm=8c4dabe3bb3a22f54a449161e9441fbae530e573e65ba75eda74b071b9667f195c781e0fb0fb&amp;scene=27#wechat_redirect,润⁶⁶⁶,刚刚去商场，工作人员叫我出示健康码，我一不小心打开了持股界面，工作人员居然让我进去了,12681,,2022-03-07 22:56:05
2022-03-07,3月6日深圳在隔离观察的密接者中发现10例、在重点人群和重点区域筛查中发现9例新增病例,http://mp.weixin.qq.com/s?__biz=MzIxNDA0MTExMg==&amp;mid=2652150826&amp;idx=1&amp;sn=baf229191330b69ed80358cea8984986&amp;chksm=8c4dab5dbb3a224b9593ddd33cc4cdabfdf74cc9310f35f10729c21bf79637cc09aa3c260aad&amp;scene=27#wechat_redirect,橙子💭Yvonne,流调天花板来了！保时捷中心。,10653,有没有一种可能：猪脚饭老板去送外卖？,2022-03-07 07:54:20
2022-03-06,3月5日深圳在隔离观察的密接者中发现11例、在重点区域和重点人群筛查中发现6例新增病例,http://mp.weixin.qq.com/s?__biz=MzIxNDA0MTExMg==&amp;mid=2652150588&amp;idx=1&amp;sn=74995b8b0a219cc1ffa10981c795b799&amp;chksm=8c4dac4bbb3a255dbd46e4572246e579ea068158d1c126b652d34cb8856ddc96de4c9004449b&amp;scene=27#wechat_redirect,挺閲,"     福田，鹏城市府重地之所在也。自元宵以来，福田为疫情所困，患者多数上沙等地。上沙，隶属福田沙头，下辖东村、塘晏、椰树、龙秋、九园五村，始建于南宋，后随改革开放，焕然一新。今城村风光旖旎，景色宜人，处处车水马龙，市井繁华，享有鹏城十大名村之美誉。
     然新冠突袭，所染之处满目疮痍，百姓叫苦连天，何奈出门携行李，归来带主机，饮食皆自助，核酸均统一。政府以静态管理为策，送粮食，扫民楼，清人户，查不法之徒。某日，上沙街巷步入白衣无数，窗台忽而飞出纸机，顷刻间众人齐呼“加油”，震耳欲聋。正所谓：来者皆是鹏城客，归去手留玫瑰香。
    上沙之疫情，非福田也，鹏城也；港之疫情，非港也，乃中华之大地也。岂曰无衣？与子同袍！盼得紫荆花开烂漫时，相聚红树湾畔，共赏沙鸥翔集，一一细诉相思。",12549,,2022-03-06 07:48:43
2022-03-04,3月3日深圳在隔离观察的密接者中发现9例、在重点区域筛查中发现13例新增病例,http://mp.weixin.qq.com/s?__biz=MzIxNDA0MTExMg==&amp;mid=2652150272&amp;idx=1&amp;sn=55f068d4393c2134436593b77754c859&amp;chksm=8c4dad77bb3a246101fa88baaff0a0a2edabfac6597dac05023492cbfa13e3ec979851386552&amp;scene=27#wechat_redirect,挺閲,"    鹏城有卫健者，称小卫，以科教宣报为业，图文风骚幽默，喜者一千七八百万有余。
    某日，孕妇因核酸未果难入院，丈夫急忙求助，卫得知，直呼“电话发吾”，此举赢得“卫总”美名，传为佳话。日后，卫废寝忘食，专心致志，一疫一报，未尝遗漏，定时定点，不曾延后。
    壬寅年初，新冠席卷鹏城，患者近二百余人，多地设防封管，足不出户，居家作业。百姓众志成城克时艰，白衣执甲抗疫情，终得遏制，愁眉舒展。
    二月二，龙抬头，惊蛰至，万物苏。但愿鹏城疫毕，国泰民安。",22435,,2022-03-04 07:48:12
2022-03-04,3月3日深圳在隔离观察的密接者中发现9例、在重点区域筛查中发现13例新增病例,http://mp.weixin.qq.com/s?__biz=MzIxNDA0MTExMg==&amp;mid=2652150272&amp;idx=1&amp;sn=55f068d4393c2134436593b77754c859&amp;chksm=8c4dad77bb3a246101fa88baaff0a0a2edabfac6597dac05023492cbfa13e3ec979851386552&amp;scene=27#wechat_redirect,新新家纽购,昨天新安的检测真的人从众𠈌，我们也理解医护的辛苦，但有关部门的组织能不能优化点？要么不要测，要么多些点、多些通道、延长点时间，不然真有个阳性，团灭。。。而且很多人都上了一天班，到点说收摊就收摊，完全不管你排了多久或还有多少排队的，一点组织安排都没有,13049,,2022-03-04 07:47:37
2022-03-03,3月2日深圳在隔离观察的密接者中发现7例、在重点区域和重点人群筛查中发现18例新增病例,http://mp.weixin.qq.com/s?__biz=MzIxNDA0MTExMg==&amp;mid=2652150124&amp;idx=1&amp;sn=8db5fe8374a0b7d0dfb5d68195a220c7&amp;chksm=8c4dae1bbb3a270dadfdbd7048a17ec3a0bb003b0a4f4321ff2a30db9be6c825f411e7521136&amp;scene=27#wechat_redirect,Asiant,真实经历，希望能上墙。2022年2月22日农历正月二十二星期二，这个属实有点2的日子，地点上沙椰树村，封村，上不了班，准备买1斤半肉包饺子，老板绞了两斤多，想想未必是坏事，算了。过了两天，封楼了，一周没有送菜或饭，想想不是坏事，结识了未蒙面的同栋好邻居，包得好累的饺子派上用场了，到小卫文章下评论，获近九千赞，第二天还吃上了热乎的饭。3月2日被通知到酒店隔离，授了捅鼻之礼后，在农历二月初一这天入住，新的月份肯定还会有好事发生。我想说，坏事后面会有好事，而在好事后面还会有好事。大家同心共力，疫情很快会过去。,14418,,2022-03-03 08:07:47
2022-03-01,深圳新增28例，较前两天回落！大家hold住,http://mp.weixin.qq.com/s?__biz=MzIxNDA0MTExMg==&amp;mid=2652149813&amp;idx=2&amp;sn=7879a5b6ad960158d88ee04b5abcd772&amp;chksm=8c4daf42bb3a2654419bb95f73f72d59a9202e2e5c7c61bf7aff88fc91edb2c0dfb72ed4aa15&amp;scene=27#wechat_redirect,Double face,小卫报导一下上沙东村，龙秋村，椰树村，塘宴村的情况吧。同在沙头街道，怎么差别这么大。上沙好些楼栋政府说要配送的早餐到现在都没到，还有些被封控的楼栋已经好几天没人管过了。今天一大早都在说下沙怎么怎么好，感情上沙的人民活该吗？还有说上沙分管领导不作为，网格员都气哭的情况！,10737,,2022-03-01 17:13:30
2022-02-28,2月27日深圳在隔离观察的密接者中发现27例、在重点区域和重点人群筛查中发现9例新增病例,http://mp.weixin.qq.com/s?__biz=MzIxNDA0MTExMg==&amp;mid=2652149423&amp;idx=1&amp;sn=10259743f7704fdf0a10edcf5efcd83f&amp;chksm=8c4da1d8bb3a28ceffc490044098d9a2193177d1dc61117a8a404fd3f8694765c97dc106cb20&amp;scene=27#wechat_redirect,Choi蔡,"《如何一句话让深圳人兴奋》
楼下有做核酸
不用排队，不用排队，不用排队",14947,,2022-02-28 07:50:30
2022-02-28,2月27日深圳在隔离观察的密接者中发现27例、在重点区域和重点人群筛查中发现9例新增病例,http://mp.weixin.qq.com/s?__biz=MzIxNDA0MTExMg==&amp;mid=2652149423&amp;idx=1&amp;sn=10259743f7704fdf0a10edcf5efcd83f&amp;chksm=8c4da1d8bb3a28ceffc490044098d9a2193177d1dc61117a8a404fd3f8694765c97dc106cb20&amp;scene=27#wechat_redirect,Sorry,我想建议一下，能不能出个规定让有些人不要随地吐口水，几乎每天出去都能看到真的是很恶心，特别还是现在有疫情的时候。,10561,,2022-02-28 07:58:18
2022-02-27,2月26日14-24时深圳新增19例病例，在隔离观察的密接者和重点区域筛查中发现,http://mp.weixin.qq.com/s?__biz=MzIxNDA0MTExMg==&amp;mid=2652149246&amp;idx=1&amp;sn=264a8482eec302183546ebf86a495798&amp;chksm=8c4da289bb3a2b9ffca2b1a1c777263f3eaed24bf317fbb78b746218720b6b16291b17b15f3e&amp;scene=27#wechat_redirect,小橘子🍊,我想建议一下，能不能出个规定让有些人不要随地吐口水，几乎每天出去都能看到真的是很恶心，特别还是现在有疫情的时候。,17669,,2022-02-27 07:44:49
2022-02-26,深圳新增18例病例，在已隔离观察的密接者和重点区域核酸筛查中发现,http://mp.weixin.qq.com/s?__biz=MzIxNDA0MTExMg==&amp;mid=2652149047&amp;idx=1&amp;sn=f952e7687ab86c93d0db04fda6411902&amp;chksm=8c4da240bb3a2b5627fd42ad0933fad7103b77ae8c4de500f5a9c0f6951e6fe8f7f21ceddf14&amp;scene=27#wechat_redirect,Ray,地铁上，望着左手主机，右手显示器的我，大家都投来异样的眼光，我却一点也不慌张，因为我知道，只有最顶级的程序猿，才有这样的出行牌面！,16701,,2022-02-26 08:02:56
2022-02-26,阴性！科兴科学园最新情况说明,http://mp.weixin.qq.com/s?__biz=MzIxNDA0MTExMg==&amp;mid=2652149024&amp;idx=1&amp;sn=64c50d10a7f5f5f660ac8cdf587209e1&amp;chksm=8c4da257bb3a2b4182e08b1ca54a8a4e09c31ec061dcbe5cd065207ef4b51f0cf9ad2f0ca055&amp;scene=27#wechat_redirect,🎀 我家幸宝宝 🎀,电脑怎么搬出来的，明天就怎么搬回去,12176,,2022-02-26 00:34:47
2022-02-25,深圳福田连发4通告！涉及5街道，新增封控管控区,http://mp.weixin.qq.com/s?__biz=MzIxNDA0MTExMg==&amp;mid=2652148776&amp;idx=1&amp;sn=009da6ec0556125c50cd86825a4705da&amp;chksm=8c4da35fbb3a2a49a4b5de23371a03e818ac0a46f432d620b67e48b39d0821895d46afb37ba3&amp;scene=27#wechat_redirect,王欣,希望用地图的方式展示区域,10756,,2022-02-25 10:31:47
2022-02-25,2月24日14-24时深圳新增5例病例，在隔离观察的密接者和重点区域筛查中发现,http://mp.weixin.qq.com/s?__biz=MzIxNDA0MTExMg==&amp;mid=2652148763&amp;idx=1&amp;sn=1e6a47fe24cb73bcad1705e179e2c03c&amp;chksm=8c4da36cbb3a2a7a402c555c00be050209e85fc6d650869ad945566023668faeddb0fffea481&amp;scene=27#wechat_redirect,🍂,麻烦那些接到街道数据核实的，虽然你可能已经接了几次了电话了，但是还是请你好好回答就好吗[流泪][流泪][流泪]，不要接多了几个电话就不耐烦挂电话，数据员真的会很崩溃的，你挂一次电话就代表我们要多打一次[流泪][流泪][流泪],24917,,2022-02-25 01:02:25
2022-02-25,2月24日14-24时深圳新增5例病例，在隔离观察的密接者和重点区域筛查中发现,http://mp.weixin.qq.com/s?__biz=MzIxNDA0MTExMg==&amp;mid=2652148763&amp;idx=1&amp;sn=1e6a47fe24cb73bcad1705e179e2c03c&amp;chksm=8c4da36cbb3a2a7a402c555c00be050209e85fc6d650869ad945566023668faeddb0fffea481&amp;scene=27#wechat_redirect,jolin💋,村里的大叔不戴口罩，还抽烟，到处吐痰的能不能抓起来,13183,,2022-02-25 01:04:37
2022-02-24,通告！深圳南山在招商街道划定封控、管控和防范区域,http://mp.weixin.qq.com/s?__biz=MzIxNDA0MTExMg==&amp;mid=2652148671&amp;idx=1&amp;sn=331209c2b98e1199824f2b99c63ef6e5&amp;chksm=8c4da4c8bb3a2dde40f5a00d02b85a7004facda61d314e70f6925887727631cd3f742e9a35eb&amp;scene=27#wechat_redirect,睿,排队做核酸的朋友们，一定要看清楚自己拍的什么队，别像我，排了半天，买了一杯奶茶[苦涩],10701,,2022-02-24 13:39:26
2022-02-24,深圳新增9例病例，在集中隔离观察的密接者和重点区域核酸筛查中发现,http://mp.weixin.qq.com/s?__biz=MzIxNDA0MTExMg==&amp;mid=2652148572&amp;idx=1&amp;sn=b03fd6039c3695e1efdb080f7f37813e&amp;chksm=8c4da42bbb3a2d3d562fecdae8bf067da747e63c6119f32076d02c07bee95ab670d1b38bae93&amp;scene=27#wechat_redirect,Dragon,"1、大白＋大巴+120＋ 民警=阳了；
2、大白＋大巴＋综合执法＝密接；
3、只有120＝居民不舒服了；
4、警戒线围起来＝有密接，捅完阴了就解；
5、直接上铁板＝确诊；
6、铁板＋警戒线＝某楼重灾区，其他楼管控；
了，来车直接拉走=芭比Q了；
8、志愿者派出去的勇士有女的＝大筛，半天活完事；
9、志愿者派出去的都是男的＝阳了，14封控＋14隔离。",12976,,2022-02-24 02:00:29
2022-02-23,注意！深圳这些公交线路临时调整、停运！,http://mp.weixin.qq.com/s?__biz=MzIxNDA0MTExMg==&amp;mid=2652148565&amp;idx=1&amp;sn=0d425bf1cc3a3421b60f655a034d2c01&amp;chksm=8c4da422bb3a2d34e7bbf7ba5fafa4d4a8c9e3e48183454b01180606c6c6923e3bef34c76d63&amp;scene=27#wechat_redirect,鑫叔叔💪🏿,今年核酸次数16，做爱次数0,12646,,2022-02-24 00:01:09
2022-02-22,深圳罗湖在桂园街道划定封控区、管控区和防范区,http://mp.weixin.qq.com/s?__biz=MzIxNDA0MTExMg==&amp;mid=2652148232&amp;idx=1&amp;sn=9ebb0e6c72c7cf38843a7593f33fc1b1&amp;chksm=8c4da57fbb3a2c690ede4aaba8f0e8bc59b67ce4bd8fd254a8bd52acdb1c38d85f62a981909f&amp;scene=27#wechat_redirect,阿東,不敢神评了，上次八万多点赞，滴滴我手机好几天，我对象以为我有外遇，打了我一个星期[捂脸][捂脸][捂脸],12693,,2022-02-22 02:11:14
2022-02-21,通告！深圳南山蛇口街道划封相关区域,http://mp.weixin.qq.com/s?__biz=MzIxNDA0MTExMg==&amp;mid=2652148053&amp;idx=1&amp;sn=60ca9d9a441a054a8eaaa2140fb2624e&amp;chksm=8c4da622bb3a2f341b6e937192ed0231568abf25acd4503f1dc0e5c4820ae82b4a086395bde0&amp;scene=27#wechat_redirect,微微,再不开学，我离小学各科老师就只差个教师资格证了,11952,,2022-02-21 18:09:16
2022-02-21,深圳新增7例病例，在管控中的密接者和重点人群筛查中发现,http://mp.weixin.qq.com/s?__biz=MzIxNDA0MTExMg==&amp;mid=2652148009&amp;idx=1&amp;sn=85d288b2deb86f939de98434829346c2&amp;chksm=8c4da65ebb3a2f48daa2f4ccf99bf75d4529978acd4f5e5fa591ac7ee07e13fce393f90e9d81&amp;scene=27#wechat_redirect,会飞的柴犬,表情包真的没有制作瓶颈期吗[苦涩][旺柴],12692,,2022-02-21 00:21:39
2022-02-19,深圳新增3例确诊病例，在集中隔离观察人员和主动核酸检测中发现,http://mp.weixin.qq.com/s?__biz=MzIxNDA0MTExMg==&amp;mid=2652147553&amp;idx=1&amp;sn=93a72071c8e8a3ba2716cb2ca394393a&amp;chksm=8c4db816bb3a31005dd7c81f7a33b65489b398c857847b77600150f71bc8f436a340049a2617&amp;scene=27#wechat_redirect,Nem💕💕,卫卫 我在香港  自测目前是一条  但是我突发喉咙很痛 我邻居确诊留在家没去医院 最近有接触过 感觉我十有八九是中了 我好担心 我好害怕 我打了针 但是我家里还有两个孩子一个5岁一个2岁  现在香港医院都没床位 我明天去买点药 希望老天保佑 ,15239,,2022-02-19 01:07:49
2022-02-17,深圳新增8例病例，在集中隔离观察人员和主动核酸检测中发现,http://mp.weixin.qq.com/s?__biz=MzIxNDA0MTExMg==&amp;mid=2652147148&amp;idx=1&amp;sn=32b91c7490905abbf1835c0677d48b11&amp;chksm=8c4dbabbbb3a33ad054aa69954ba5b87823db84a3d29cab209e88d5afe0e079d8a69a5b2d57a&amp;scene=27#wechat_redirect,海洋,香港和内地手心手背都是肉这是毋庸置疑，广东已经派出医疗团队支援香港，为何不封关导致疫情再次传播，深圳各行各业已经很配合了，很多行业尤其是培训行业已经到了最后生命关头了，真的要让怀揣梦想的创业者对深圳失去信心吗？望有关部门真心替中小企业们想想，我们已经快生存不下去了[流泪][流泪][流泪],17467,,2022-02-17 03:29:10
2022-02-17,深圳新增8例病例，在集中隔离观察人员和主动核酸检测中发现,http://mp.weixin.qq.com/s?__biz=MzIxNDA0MTExMg==&amp;mid=2652147148&amp;idx=1&amp;sn=32b91c7490905abbf1835c0677d48b11&amp;chksm=8c4dbabbbb3a33ad054aa69954ba5b87823db84a3d29cab209e88d5afe0e079d8a69a5b2d57a&amp;scene=27#wechat_redirect,全大福,深圳疫情都是香港传播过来的！怎么不封关,11282,,2022-02-17 03:07:28
2022-02-07,2月6日深圳新增3例确诊病例，累计16例！均在密接者和重点人群中发现,http://mp.weixin.qq.com/s?__biz=MzIxNDA0MTExMg==&amp;mid=2652145459&amp;idx=1&amp;sn=63febf1177cd17e21e5d03bf34b6e221&amp;chksm=8c4db044bb3a395294015447cbb598ab70a2c8589c087b1a43440557d9aba25b37e3dea0296b&amp;scene=27#wechat_redirect,Jewellery,"这就是典型的：
占尽家财却一无事成的儿子
受尽委屈却十分争气的女儿",22338,,2022-02-07 08:37:25
2022-02-05,深圳新增2例确诊病例，累计13例！均在密接者中发现,http://mp.weixin.qq.com/s?__biz=MzIxNDA0MTExMg==&amp;mid=2652145093&amp;idx=1&amp;sn=b4910abe89c89b7b4711e73b86adb3bb&amp;chksm=8c4db2b2bb3a3ba4a3aeae1952de78b7fa80bb3dd9540d271db7b6cf7f04f3fa96dc6754639e&amp;scene=27#wechat_redirect,🦄,我老公睡醒6.50集合要去石岩支援了，而我身为网格员也要在二线打电话，孩子才一岁半不到，真的太难了,12528,,2022-02-05 02:07:54
2022-02-03,深圳新增3例病例，累计11例！均在密接者和重点人群中发现,http://mp.weixin.qq.com/s?__biz=MzIxNDA0MTExMg==&amp;mid=2652144922&amp;idx=1&amp;sn=9a46f690dadf81a0cd82036b504d0693&amp;chksm=8c4db26dbb3a3b7b95b07d0815c20ee9181c899a5785ec808ad67756226139641e234f1edffe&amp;scene=27#wechat_redirect,一只黑喵,不要再新增了😥 好想回深，洗碗已经不能维持母女亲情了。,10104,,2022-02-03 21:13:00
2022-02-02,深圳新增4例病例，累计8例！此前4例均为奥密克戎,http://mp.weixin.qq.com/s?__biz=MzIxNDA0MTExMg==&amp;mid=2652144797&amp;idx=1&amp;sn=93ffb1f3218273ba632122fd76bff3a4&amp;chksm=8c4db3eabb3a3afcfaf14284474641a1533536c74ff5957a31889f42db0e4920e28e6299a827&amp;scene=27#wechat_redirect,拾,期待一个“非必要不返深”[旺柴],18467,,2022-02-02 21:06:02
2022-02-01,深圳新增3例病例，累计4例！病例1感染奥密克戎,http://mp.weixin.qq.com/s?__biz=MzIxNDA0MTExMg==&amp;mid=2652144679&amp;idx=1&amp;sn=e957415bf302a61eec294954bd23cd40&amp;chksm=8c4db350bb3a3a4697b9731b9574c4cff217e7a86cd25d0ded38a60e65648a99e6c47e6448f2&amp;scene=27#wechat_redirect,Peter,“非必要不返深”考虑发布吗[旺柴],32078,,2022-02-01 22:17:48
2022-02-01,深圳新增3例病例，累计4例！病例1感染奥密克戎,http://mp.weixin.qq.com/s?__biz=MzIxNDA0MTExMg==&amp;mid=2652144679&amp;idx=1&amp;sn=e957415bf302a61eec294954bd23cd40&amp;chksm=8c4db350bb3a3a4697b9731b9574c4cff217e7a86cd25d0ded38a60e65648a99e6c47e6448f2&amp;scene=27#wechat_redirect,Lee,坂田，军书十二卷，卷卷有爷名。[微笑],14131,,2022-02-01 22:23:43
2022-02-01,深圳新增3例病例，累计4例！病例1感染奥密克戎,http://mp.weixin.qq.com/s?__biz=MzIxNDA0MTExMg==&amp;mid=2652144679&amp;idx=1&amp;sn=e957415bf302a61eec294954bd23cd40&amp;chksm=8c4db350bb3a3a4697b9731b9574c4cff217e7a86cd25d0ded38a60e65648a99e6c47e6448f2&amp;scene=27#wechat_redirect,不是曲奇QAQ,一星期前怕回不来，一星期后担心回不去😅,12828,,2022-02-01 22:17:39
2022-02-01,深圳新增3例病例，累计4例！病例1感染奥密克戎,http://mp.weixin.qq.com/s?__biz=MzIxNDA0MTExMg==&amp;mid=2652144679&amp;idx=1&amp;sn=e957415bf302a61eec294954bd23cd40&amp;chksm=8c4db350bb3a3a4697b9731b9574c4cff217e7a86cd25d0ded38a60e65648a99e6c47e6448f2&amp;scene=27#wechat_redirect,小雪,一分钟前发的文章就有近10万的阅读量，我是一个医务工作者，留言如果有幸被小卫精选今年肯定会运气爆棚，疫情绝对在一周内清零[爆竹][爆竹][爆竹],10631,,2022-02-01 22:24:57
2022-02-01,宝安、龙岗最新通告：有以下时空交集的市民，请主动测核酸,http://mp.weixin.qq.com/s?__biz=MzIxNDA0MTExMg==&amp;mid=2652144599&amp;idx=1&amp;sn=170852708d426567348bed3785f3b0c8&amp;chksm=8c4db4a0bb3a3db66dbe2078d5f2bdae055eca7c354baf65635e98327fa69249ae015ef2f8ad&amp;scene=27#wechat_redirect,海天一色,刚刚看完春晚钻进被窝，接到紧急通知马上返深抗疫工作，拿上一瓶矿泉水开车出发！,18598,,2022-02-01 01:29:31
2022-02-01,深圳宝安一地调整为中风险地区,http://mp.weixin.qq.com/s?__biz=MzIxNDA0MTExMg==&amp;mid=2652144589&amp;idx=1&amp;sn=2f992ae1437aa8eb0c009c0cf4abb1fd&amp;chksm=8c4db4babb3a3dac3bccee436d8d74113b861a05cbab6266e19333cfda3e4523d8c0740a22c9&amp;scene=27#wechat_redirect,『一路向我』,昨天家庭会议决定明天回东北，白天费劲巴力搞定全家机票接送机，结果今天晚间得知有一例新增[恐惧]，紧急再开家庭会议，还是决定要回去。结果刚刚！中风险！带星号！得了，这还回啥！又要紧急打客服电话退票，现在还没打通[苦涩]，就这心路历程，需要被赞吗[苦涩][苦涩],11238,,2022-02-01 00:36:46
2022-01-31,深圳新增1例新冠肺炎确诊病例,http://mp.weixin.qq.com/s?__biz=MzIxNDA0MTExMg==&amp;mid=2652144569&amp;idx=1&amp;sn=f5a55a010b729f087b4eabf5ba4c9301&amp;chksm=8c4db4cebb3a3dd84f6a899a41d459ac42cdf8453264452255aa96eef59c7f4fd3f6c2134f81&amp;scene=27#wechat_redirect,范庆贵,除夕看到这新闻。心塞,17496,,2022-01-31 21:58:15
2022-01-31,深圳新增1例新冠肺炎确诊病例,http://mp.weixin.qq.com/s?__biz=MzIxNDA0MTExMg==&amp;mid=2652144569&amp;idx=1&amp;sn=f5a55a010b729f087b4eabf5ba4c9301&amp;chksm=8c4db4cebb3a3dd84f6a899a41d459ac42cdf8453264452255aa96eef59c7f4fd3f6c2134f81&amp;scene=27#wechat_redirect,Caesar,我是他楼上邻居，希望快快好起，今天年夜饭吃一半被抓去集中隔离了，难忘的过年啊,14155,,2022-01-31 22:06:24
2022-01-31,深圳新增1例新冠肺炎确诊病例,http://mp.weixin.qq.com/s?__biz=MzIxNDA0MTExMg==&amp;mid=2652144569&amp;idx=1&amp;sn=f5a55a010b729f087b4eabf5ba4c9301&amp;chksm=8c4db4cebb3a3dd84f6a899a41d459ac42cdf8453264452255aa96eef59c7f4fd3f6c2134f81&amp;scene=27#wechat_redirect,黎广,"辛苦了。
大年夜多少医护人员社区工作人员又要开始奔波了",13826,,2022-01-31 21:58:41
2022-01-26,深！圳！摘！星！啦！,http://mp.weixin.qq.com/s?__biz=MzIxNDA0MTExMg==&amp;mid=2652143186&amp;idx=1&amp;sn=c0e3ca94c79ce3c5610961a3b2c8f7a2&amp;chksm=8c4d4925bb3ac03316aeac4a7a0276b49e544335621720e975a4dcdca395b65f5aa39142aac8&amp;scene=27#wechat_redirect,帝科尔刘翔,深圳速度，太强大了[强][强],20650,,2022-01-26 00:11:17
2022-01-26,深！圳！摘！星！啦！,http://mp.weixin.qq.com/s?__biz=MzIxNDA0MTExMg==&amp;mid=2652143186&amp;idx=1&amp;sn=c0e3ca94c79ce3c5610961a3b2c8f7a2&amp;chksm=8c4d4925bb3ac03316aeac4a7a0276b49e544335621720e975a4dcdca395b65f5aa39142aac8&amp;scene=27#wechat_redirect,渔夫🐟,回家了回家了，感谢卫总,10657,,2022-01-26 00:11:16
2022-01-18,深圳新增1例确诊病例，系国际机组人员入驻酒店的保洁人员,http://mp.weixin.qq.com/s?__biz=MzIxNDA0MTExMg==&amp;mid=2652141381&amp;idx=1&amp;sn=09638cbf5149e4a2747a3933754856ea&amp;chksm=8c4d4032bb3ac9249425df51039f69a58e585db7272e76f00e3075ce726a044a9cb149dbc406&amp;scene=27#wechat_redirect,深圳诺美灯饰-彭岳鹏,看到新增 吓死了 原来是闭环的 谢天谢地 我愿用我老板单身一辈子 换深圳清零 大家平安,29005,,2022-01-18 19:04:16
2022-01-18,深圳新增1例确诊病例，系国际机组人员入驻酒店的保洁人员,http://mp.weixin.qq.com/s?__biz=MzIxNDA0MTExMg==&amp;mid=2652141381&amp;idx=1&amp;sn=09638cbf5149e4a2747a3933754856ea&amp;chksm=8c4d4032bb3ac9249425df51039f69a58e585db7272e76f00e3075ce726a044a9cb149dbc406&amp;scene=27#wechat_redirect,何清,深圳诺美灯饰-彭岳鹏  ，你可能没想到你的评论点赞数最多，你也可能没想到你的老板正在阅读这一篇推文！！！,15169,,2022-01-18 19:15:47
2022-01-18,深圳在国际机组人员入驻酒店闭环管理工作人员例行检测中发现1例确诊病例,http://mp.weixin.qq.com/s?__biz=MzIxNDA0MTExMg==&amp;mid=2652141337&amp;idx=1&amp;sn=d013ddd5ed1c728bd6986ffef711183f&amp;chksm=8c4d406ebb3ac978f30ca1a3fea3534b8fa2259f800e5f22d984fb7250094aeaf8b0661ae071&amp;scene=27#wechat_redirect,baron,"解封几时有？把酒问小卫。不知家乡谣言，今夕判几年。我欲归去辟谣，又恐集中隔离，加码不胜寒。留深看小卫，何似在酒店。
做核酸，拿标签，亮绿码。不应有恨，何时转为低风险，人要回家团聚，族要将其除名，此事古难全。但愿人长久，千里共婵娟。",19569,,2022-01-18 17:45:13
2022-01-18,龙岗区发布最新通告！,http://mp.weixin.qq.com/s?__biz=MzIxNDA0MTExMg==&amp;mid=2652141244&amp;idx=1&amp;sn=980d0d962929fe5a176fb6fea10eeb84&amp;chksm=8c4d41cbbb3ac8dd3e9d66a2079cb5990c2715a0956ebb0b3f21723638aa33d1853962575f1a&amp;scene=27#wechat_redirect,Hsㄨ后生,广西的这里集合，能不能回去了。听说昨天一刀切上热搜了，今天立马发文件了，但是看不懂文件。,15313,,2022-01-18 09:53:54
2022-01-18,龙岗区发布最新通告！,http://mp.weixin.qq.com/s?__biz=MzIxNDA0MTExMg==&amp;mid=2652141244&amp;idx=1&amp;sn=980d0d962929fe5a176fb6fea10eeb84&amp;chksm=8c4d41cbbb3ac8dd3e9d66a2079cb5990c2715a0956ebb0b3f21723638aa33d1853962575f1a&amp;scene=27#wechat_redirect,CK,"最近有点奇怪，
我这嘴最近有点灵。
点赞我的，
今年必能暴富，
平平安安，好运连连！",10526,,2022-01-18 09:55:15
2022-01-16,近期到过龙岗这些地方的请速测核酸！,http://mp.weixin.qq.com/s?__biz=MzIxNDA0MTExMg==&amp;mid=2652140986&amp;idx=1&amp;sn=b9abb163aa2660fcf84553bd26d3c542&amp;chksm=8c4d42cdbb3acbdb2b6930b7a8c607644fe141de2461d84678e5664d30c2968aed591b5de776&amp;scene=27#wechat_redirect,🍓Medicine,小卫，这个点还在发？卷死同行？你们是在单位打地铺吗？[旺柴][旺柴][旺柴],14276,,2022-01-17 00:04:17
2022-01-16,深圳新增2例确诊，首次发现奥密克戎，市民怎么防？,http://mp.weixin.qq.com/s?__biz=MzIxNDA0MTExMg==&amp;mid=2652140976&amp;idx=1&amp;sn=ba7cd64db409e101bdd09f1096b333d2&amp;chksm=8c4d42c7bb3acbd12c68f8eb49d69dcb8519faf45971375f1d15d93232392ebcfe2be125ac68&amp;scene=27#wechat_redirect,YANG,我掐指算了一挂，春节前深圳不会再新增了，请大家点赞，因为我泄露天机了。,14479,,2022-01-16 21:49:25
2022-01-16,深圳新增2例确诊，首次发现奥密克戎，市民怎么防？,http://mp.weixin.qq.com/s?__biz=MzIxNDA0MTExMg==&amp;mid=2652140976&amp;idx=1&amp;sn=ba7cd64db409e101bdd09f1096b333d2&amp;chksm=8c4d42c7bb3acbd12c68f8eb49d69dcb8519faf45971375f1d15d93232392ebcfe2be125ac68&amp;scene=27#wechat_redirect,ᥫᩣ.,东莞那些全都是早茶。然后其他的还有打麻将。结果在我们深圳要么就是快餐店，要么就是猪脚饭。可见深圳的压力有多大[苦涩],11236,,2022-01-16 21:46:47
2022-01-16,深圳市新报告2例确诊病例，累计报告17例,http://mp.weixin.qq.com/s?__biz=MzIxNDA0MTExMg==&amp;mid=2652140878&amp;idx=1&amp;sn=a3c9711ead58468f8d051089aeb1fa59&amp;chksm=8c4d4239bb3acb2fcb83e5eb87060e415cd344638a9b4c9ea2aefbb5d874fbde598402fd6ab9&amp;scene=27#wechat_redirect,玲子,天老爷啊，别新增了，我要回家相亲呢,23763,,2022-01-16 20:32:56
2022-01-16,深圳市新报告2例确诊病例，累计报告17例,http://mp.weixin.qq.com/s?__biz=MzIxNDA0MTExMg==&amp;mid=2652140878&amp;idx=1&amp;sn=a3c9711ead58468f8d051089aeb1fa59&amp;chksm=8c4d4239bb3acb2fcb83e5eb87060e415cd344638a9b4c9ea2aefbb5d874fbde598402fd6ab9&amp;scene=27#wechat_redirect,yiwnel,又要从明天开始重新计算14天了吗···,14256,,2022-01-16 20:31:29
2022-01-16,深圳市新报告2例确诊病例，累计报告17例,http://mp.weixin.qq.com/s?__biz=MzIxNDA0MTExMg==&amp;mid=2652140878&amp;idx=1&amp;sn=a3c9711ead58468f8d051089aeb1fa59&amp;chksm=8c4d4239bb3acb2fcb83e5eb87060e415cd344638a9b4c9ea2aefbb5d874fbde598402fd6ab9&amp;scene=27#wechat_redirect,艺青艺青,奥密克戎！！那是不是代表跟之前的病例不是一条链上的了[流泪][流泪][流泪],13663,,2022-01-16 20:32:45
2022-01-15,深圳15例是怎么“染”上的？这图一目了然,http://mp.weixin.qq.com/s?__biz=MzIxNDA0MTExMg==&amp;mid=2652140713&amp;idx=1&amp;sn=1fae7a7523ffeb868acc3cbb99e8e60f&amp;chksm=8c4d43debb3acac84745cccf33baaefc58a0e247820339eacca6f724ef7561634470c61b2c5e&amp;scene=27#wechat_redirect,院长,好清晰！！！！！卫总牛啊！,14672,,2022-01-15 20:16:57
2022-01-15,深圳15例是怎么“染”上的？这图一目了然,http://mp.weixin.qq.com/s?__biz=MzIxNDA0MTExMg==&amp;mid=2652140713&amp;idx=1&amp;sn=1fae7a7523ffeb868acc3cbb99e8e60f&amp;chksm=8c4d43debb3acac84745cccf33baaefc58a0e247820339eacca6f724ef7561634470c61b2c5e&amp;scene=27#wechat_redirect,薛定谔的猫,深圳卫健委没有官威，值得所有的政府部门学习[强][强][强]。,11482,,2022-01-15 20:19:40
2022-01-15,深圳今天暂时无新增！病例15的基因测序出来了,http://mp.weixin.qq.com/s?__biz=MzIxNDA0MTExMg==&amp;mid=2652140698&amp;idx=1&amp;sn=69a7ecf208418d0848fd2eb9e87f3259&amp;chksm=8c4d43edbb3acafbbc1fe8c0cc5d66c0c902d8250601e1850a750ee385dbbd07448f20689774&amp;scene=27#wechat_redirect,拾一,"16号，深圳无新增
17号，深圳无新增
18号，深圳无新增
19号，深圳无新增
20号，深圳无新增
21号，深圳无新增
22号，深圳无新增
23号，深圳无新增
24号，深圳无新增
25号，深圳无新增
26号，深圳无新增
27号，深圳无新增
28号，深圳无新增
29号，回家[拳头]
",14728,,2022-01-15 18:15:39
2022-01-15,1月14日深圳新增2例本土确诊病例（其中1例为无症状感染者转确诊）和1例境外输入确诊病例,http://mp.weixin.qq.com/s?__biz=MzIxNDA0MTExMg==&amp;mid=2652140561&amp;idx=1&amp;sn=0d440faefda3a4bbe7bc9c711a8a5dfe&amp;chksm=8c4d4366bb3aca7043696ce75bcfd94aac029810841da499f06c2befb11e4b2d727d71e20e6d&amp;scene=27#wechat_redirect,Wi_Fi,"1月15日深圳无新增 
1月16日深圳无新增 
1月17日深圳无新增 
1月18日深圳无新增 
1月19日深圳无新增 
1月20日深圳无新增 
1月21日深圳无新增 
1月22日深圳无新增 
1月23日深圳无新增 
1月24日深圳无新增 
1月25日深圳无新增 
1月26日深圳无新增 
1月27日深圳无新增（回家过年）
希望按到好的方面发展",15336,,2022-01-15 10:55:44
2022-01-15,罗湖最新通告：有以下时空交集的市民，请主动测核酸,http://mp.weixin.qq.com/s?__biz=MzIxNDA0MTExMg==&amp;mid=2652140541&amp;idx=1&amp;sn=e93e38949c4f6b2fb2c2818db163eaf6&amp;chksm=8c4d448abb3acd9cf8839fc07f2986f6c68ec258f1891547f5eea68fbc27c9f4bc9937c2deee&amp;scene=27#wechat_redirect,牵着蜗牛散步,用小卫单身10年，换深圳天天零新增[合十],15808,,2022-01-15 08:37:17
2022-01-14,深圳新增1例确诊，累计15例！这个家庭已有6人确诊,http://mp.weixin.qq.com/s?__biz=MzIxNDA0MTExMg==&amp;mid=2652140503&amp;idx=1&amp;sn=8de6aa0cff86136f8cc599391d220891&amp;chksm=8c4d44a0bb3acdb645f0acd7e7aa3182d31341c11cfed7973e98c4b02993e1c454e0ee77667c&amp;scene=27#wechat_redirect,🍬,最后一例，希望这是深圳最后一例！,18840,,2022-01-14 17:38:23
2022-01-14,龙岗最新通告：有以下时空交集的市民，请主动做核酸检测,http://mp.weixin.qq.com/s?__biz=MzIxNDA0MTExMg==&amp;mid=2652140320&amp;idx=1&amp;sn=1b7d2bbfb72ceb2b1c138d7c7e8aab2f&amp;chksm=8c4d4457bb3acd418f01be6e5103b4b23ef36546f86887b9d276e11992dc17c494ef9b40ebb8&amp;scene=27#wechat_redirect,羊咩咩,今天星期五，深圳没新增；明天星期六，深圳没新增；后天星期天，深圳没新增；以后的每一天深圳都没新增[机智]大家开开心心回去过大年[庆祝],22484,,2022-01-14 08:51:43
2022-01-13,深圳罗湖两地划为中风险地区,http://mp.weixin.qq.com/s?__biz=MzIxNDA0MTExMg==&amp;mid=2652140298&amp;idx=1&amp;sn=32c6ddffeda372bd4d25fbc6420b9e95&amp;chksm=8c4d447dbb3acd6b4221a824439f5b1e5cd999096bc676d59872c6ffa4989fdbcfac1c6e5f8f&amp;scene=27#wechat_redirect,阿卜杜旺,我预感 不会再有新增了 右边顶起,56276,,2022-01-13 20:50:54
2022-01-13,深圳罗湖两地划为中风险地区,http://mp.weixin.qq.com/s?__biz=MzIxNDA0MTExMg==&amp;mid=2652140298&amp;idx=1&amp;sn=32c6ddffeda372bd4d25fbc6420b9e95&amp;chksm=8c4d447dbb3acd6b4221a824439f5b1e5cd999096bc676d59872c6ffa4989fdbcfac1c6e5f8f&amp;scene=27#wechat_redirect,^_^海,希望过年之前能清零 加油深圳！,11463,,2022-01-13 20:49:44
2022-01-13,深圳市新报告1例无症状感染者，累计报告14例,http://mp.weixin.qq.com/s?__biz=MzIxNDA0MTExMg==&amp;mid=2652139970&amp;idx=1&amp;sn=73527588695679791c280f62972c12c5&amp;chksm=8c4d46b5bb3acfa31567096a262c436b72987c6d4ac27e7d6a22749c099555422ee032ee45a1&amp;scene=27#wechat_redirect,清雅,"如果从今天起清零，27号就可以回家了！
",11067,课代表。,2022-01-13 08:57:35
2022-01-12,深圳新增病例详细轨迹公布！涉4个区、3条地铁、3路公交,http://mp.weixin.qq.com/s?__biz=MzIxNDA0MTExMg==&amp;mid=2652139901&amp;idx=1&amp;sn=bf3548f3a51bc553c6b08416b0e7bfaa&amp;chksm=8c4d460abb3acf1cf9ca95b5d5ea5fb868350e26b41f55d6393eb1d80bcf345d4b0ed1ee65a2&amp;scene=27#wechat_redirect,Fuck life.,深圳挺住啊，不要在增加了。我想回家过年，不然隔壁翠花都被相亲相走了[流泪],10795,,2022-01-12 20:42:39
2022-01-12,疫情期间被隔离，工资能全发吗？,http://mp.weixin.qq.com/s?__biz=MzIxNDA0MTExMg==&amp;mid=2652139793&amp;idx=1&amp;sn=6f7a2ceb9dd1fbf8c8ccf9bd8324a197&amp;chksm=8c4d4666bb3acf7001b38e266c11e77af4f83e3e36fda7aace562f8c692a500e6da466d63d63&amp;scene=27#wechat_redirect,。,"广州疫情流调显示：早茶，早茶，早茶，
东莞疫情流调显示：沐足，KTV，酒席，
深圳疫情流调显示：加班，地铁，快餐，
[捂脸][捂脸][捂脸]",14145,,2022-01-12 14:09:55
2022-01-12,深圳市新报告3名确诊病例和1名无症状感染者，累计报告12例,http://mp.weixin.qq.com/s?__biz=MzIxNDA0MTExMg==&amp;mid=2652139678&amp;idx=1&amp;sn=ff74594219ab4d86d5ab6e954a191bd6&amp;chksm=8c4d47e9bb3aceff80bae87e2436c8754f17e65aa93e82d01ae9a0e69c29ddd9256a2ca0312d&amp;scene=27#wechat_redirect,胭绯,想想疫情以前我才20岁，现在快23了我被疫情剥夺了3年青春[苦涩][苦涩],25750,,2022-01-12 08:07:54
2022-01-12,深圳市新报告3名确诊病例和1名无症状感染者，累计报告12例,http://mp.weixin.qq.com/s?__biz=MzIxNDA0MTExMg==&amp;mid=2652139678&amp;idx=1&amp;sn=ff74594219ab4d86d5ab6e954a191bd6&amp;chksm=8c4d47e9bb3aceff80bae87e2436c8754f17e65aa93e82d01ae9a0e69c29ddd9256a2ca0312d&amp;scene=27#wechat_redirect,光之崽种,"我：爸，我准备回家了
我爸：千里投毒，祠堂除名",19013,,2022-01-12 08:11:48
2022-01-12,深圳市新报告3名确诊病例和1名无症状感染者，累计报告12例,http://mp.weixin.qq.com/s?__biz=MzIxNDA0MTExMg==&amp;mid=2652139678&amp;idx=1&amp;sn=ff74594219ab4d86d5ab6e954a191bd6&amp;chksm=8c4d47e9bb3aceff80bae87e2436c8754f17e65aa93e82d01ae9a0e69c29ddd9256a2ca0312d&amp;scene=27#wechat_redirect,Loraven.,病例5.6.7.9.10好可怜的一家人 四代同堂确诊5个人 上至70岁老人 下至2岁宝宝  希望她们早日康复🙏🙏深圳不再有疫情,18144,,2022-01-12 08:25:34
2022-01-11,轨迹公布！深圳新增4名确诊病例，累计8例,http://mp.weixin.qq.com/s?__biz=MzIxNDA0MTExMg==&amp;mid=2652139642&amp;idx=1&amp;sn=2dac043440b90b2b9de052cb1ba6fcc8&amp;chksm=8c4d470dbb3ace1bfd2b47896a8b6a71a9354350fe591400d982ee16b414fa6d56a32a950d06&amp;scene=27#wechat_redirect,UniqueFu,我哥、嫂、老婆、表弟全部奋战在前线，甚至深入鹤围村，凌晨出动，凌晨归来，再困、再累、身体再不舒服也都坚持，两个侄女生病都没时间照顾！白天要在现场，晚上要做流调。希望大家都配合好政府相关要求执行，一起战胜这波疫情！[加油][加油][加油],12740,,2022-01-11 20:58:11
2022-01-11,深圳新增4例新冠病毒阳性感染者,http://mp.weixin.qq.com/s?__biz=MzIxNDA0MTExMg==&amp;mid=2652139488&amp;idx=1&amp;sn=021dd063e98961796420f7992ab2c435&amp;chksm=8c4d5897bb3ad1811fc1a47b5a1536579691c5172b802efa2dd39b9b7e215ac19869e773470d&amp;scene=27#wechat_redirect,life,"从前，
乡愁是一张车票
我在这头，故乡在那头
现在，
乡愁是一张核酸证明
我在这头
故乡说：
就在那头吧，别回这头.....[捂脸][捂脸][捂脸]",32996,,2022-01-11 10:38:20
2022-01-11,深圳新增4例新冠病毒阳性感染者,http://mp.weixin.qq.com/s?__biz=MzIxNDA0MTExMg==&amp;mid=2652139488&amp;idx=1&amp;sn=021dd063e98961796420f7992ab2c435&amp;chksm=8c4d5897bb3ad1811fc1a47b5a1536579691c5172b802efa2dd39b9b7e215ac19869e773470d&amp;scene=27#wechat_redirect,大冬,我想安稳回家过年，别新增了[苦涩],31716,,2022-01-11 10:23:26
2022-01-11,深圳新增4例新冠病毒阳性感染者,http://mp.weixin.qq.com/s?__biz=MzIxNDA0MTExMg==&amp;mid=2652139488&amp;idx=1&amp;sn=021dd063e98961796420f7992ab2c435&amp;chksm=8c4d5897bb3ad1811fc1a47b5a1536579691c5172b802efa2dd39b9b7e215ac19869e773470d&amp;scene=27#wechat_redirect,shelldam,老爷保号！我想顺利回家过年！,20911,,2022-01-11 10:24:28
2022-01-11,深圳新增4例新冠病毒阳性感染者,http://mp.weixin.qq.com/s?__biz=MzIxNDA0MTExMg==&amp;mid=2652139488&amp;idx=1&amp;sn=021dd063e98961796420f7992ab2c435&amp;chksm=8c4d5897bb3ad1811fc1a47b5a1536579691c5172b802efa2dd39b9b7e215ac19869e773470d&amp;scene=27#wechat_redirect,荆棘鸟,"大家不要看见新增病例就害怕哈
要学会分析风险，像这样在重点人群的密切接触者中发现，风险会大大降低，因为他们已经被隔离或管控，造成病毒外溢可能小了很多。
说明深圳防控措施有效，精准高效，跑在病毒前面。
看了卫总那么多科普文章，起码要学会点科学分析的能力哈。",18496,,2022-01-11 10:38:17
2022-01-11,深圳新增4例新冠病毒阳性感染者,http://mp.weixin.qq.com/s?__biz=MzIxNDA0MTExMg==&amp;mid=2652139488&amp;idx=1&amp;sn=021dd063e98961796420f7992ab2c435&amp;chksm=8c4d5897bb3ad1811fc1a47b5a1536579691c5172b802efa2dd39b9b7e215ac19869e773470d&amp;scene=27#wechat_redirect,易丽,[苦涩][苦涩][苦涩]别新增了。。我要回家我要回家我要回家我要回家我要回家我要回家,11673,,2022-01-11 10:25:28
2022-01-10,流调员的电话你一定要接！但这7个问题，他们绝对不会问！,http://mp.weixin.qq.com/s?__biz=MzIxNDA0MTExMg==&amp;mid=2652139451&amp;idx=1&amp;sn=687742af9ef2a36d38e3f7fe1ead8de8&amp;chksm=8c4d58ccbb3ad1da6be3447babd9781711ffb5fca52219946be4efd376b4becebae517e990b6&amp;scene=27#wechat_redirect,杜DuDu,我是社区工作站的网格员，每天打电话做流调是我的工作之一，街道办统一给我们每人网格员每人配备了一个号码，所以请大家看到陌生电话接听一下，有可能真的是是社区的电话，我们不会问你要二维码，银行卡，验证码，只会问你名字，住址，去了哪里，做了核酸没有，什么时候做的，核酸结果是什么。现在人在哪那个地方。社区工作者的数据核查电话请一定要接，因为排查任务核酸任务不清零，我们就下不了班，睡不着觉，吃不饱饭！还会被问责为什么核实不到。还要天天挨骂，但是打了10个电话里那怕有那么一个人跟我们说一句，辛苦了，我们都会觉得真的累是值得的！,17771,辛苦了！,2022-01-10 23:01:40
2022-01-10,深圳疫情源头公布！很可能与境外物品有关,http://mp.weixin.qq.com/s?__biz=MzIxNDA0MTExMg==&amp;mid=2652139345&amp;idx=1&amp;sn=3e365a14e2abff90e3de505f5be5430d&amp;chksm=8c4d5826bb3ad13009f6f9b8aabb5537f85b8c18ef48e093431ab7becd35374e7a60528d47c7&amp;scene=27#wechat_redirect,李雪伟,读了这篇腊八文，新冠病毒不上门。,14361,,2022-01-10 17:43:40
2022-01-09,核酸的检测有多麻烦？看完我都不好意思催结果了,http://mp.weixin.qq.com/s?__biz=MzIxNDA0MTExMg==&amp;mid=2652139235&amp;idx=1&amp;sn=612d63bed6948fdaebb77db6aca32979&amp;chksm=8c4d5994bb3ad0829dc21cac526cbaad1968a8f13cf411b473cd717a69f1319509408c3256a8&amp;scene=27#wechat_redirect,Toby。,看完这个以后，深知所有的医护人员都辛苦，希望不要再有新增了，不要再有了。,12258,,2022-01-09 18:32:28
2022-01-09,深圳新增1例确诊病例，累计4例，轨迹公布,http://mp.weixin.qq.com/s?__biz=MzIxNDA0MTExMg==&amp;mid=2652139140&amp;idx=1&amp;sn=bef3e980f58791b5dae1992e22a3cf17&amp;chksm=8c4d59f3bb3ad0e563c1b4094996f42a146dfedbe1209419aa6cd00811624f7b5dd2a2162712&amp;scene=27#wechat_redirect,七月  ͮ ͣ ͤ,"我想回家我想回家我想回家我想回家我想回家我想回家我想回家我想回家我想回家我想回家我想回家我想回家我想回家我想回家我想回家我想回家我想回家我想回家我想回家我想回家我想回家
疫情赶紧结束疫情赶紧结束疫情赶紧结束疫情赶紧结束疫情赶紧结束疫情赶紧结束疫情赶紧结束疫情赶紧结束疫情赶紧结束疫情赶紧结束疫情赶紧结束疫情赶紧结束疫情赶紧结束疫情赶紧结束疫情赶紧结束疫情赶紧结束疫情赶紧结束疫情赶紧结束

",17000,,2022-01-09 15:50:24
2022-01-09,深圳新增1例确诊病例，累计4例，轨迹公布,http://mp.weixin.qq.com/s?__biz=MzIxNDA0MTExMg==&amp;mid=2652139140&amp;idx=1&amp;sn=bef3e980f58791b5dae1992e22a3cf17&amp;chksm=8c4d59f3bb3ad0e563c1b4094996f42a146dfedbe1209419aa6cd00811624f7b5dd2a2162712&amp;scene=27#wechat_redirect,Y.,病例4明显不是打工人了[旺柴],11492,,2022-01-09 15:50:56
2022-01-09,1月8日深圳新增1例本土确诊病例、1例境外输入确诊病例和1例境外输入无症状感染者,http://mp.weixin.qq.com/s?__biz=MzIxNDA0MTExMg==&amp;mid=2652139121&amp;idx=1&amp;sn=bf7b95e9dd17584604db9346f8b8956c&amp;chksm=8c4d5906bb3ad010451d06f779464deeacc46b13490fe1383307420d8c50cb90abe31927e85f&amp;scene=27#wechat_redirect,Jenny,小卫被全国夸了哦，真棒👍。深圳速度。,11872,,2022-01-09 11:15:37
2022-01-08,行程码已带*！深圳发现第3个病例，2栋楼升为“中风险”,http://mp.weixin.qq.com/s?__biz=MzIxNDA0MTExMg==&amp;mid=2652139046&amp;idx=1&amp;sn=c292cf395dbd32ca461bee6c9c51d7d3&amp;chksm=8c4d5951bb3ad047db30dd5bf6c17b1a041eb659bf0b64e8fbb50caf17dc54c3d572ce8372aa&amp;scene=27#wechat_redirect,甜柚,"红管管  白签签
排队一起做酸酸
做完酸酸吃饭饭
吃完饭饭等单单
单单出来到时间
继续排队做酸酸
在家呆着防冠冠
么事不能胡转转
胡转可能得冠冠",12614,,2022-01-08 23:07:59
2022-01-07,深圳2名病例详细轨迹公布！两点三线“看哭”打工人,http://mp.weixin.qq.com/s?__biz=MzIxNDA0MTExMg==&amp;mid=2652138799&amp;idx=1&amp;sn=5dfaef9e516e778be053a5beb4840907&amp;chksm=8c4d5a58bb3ad34ed6bee627b9810c5369e9cee36896f740b44239229ba6c522d6b21fbce236&amp;scene=27#wechat_redirect,cindy 莲🍊,果然深圳都是两点一线的打工人，祝夫妻俩早日康复，深圳再无新增,22920,,2022-01-07 21:05:50
2022-01-07,深圳2名病例详细轨迹公布！两点三线“看哭”打工人,http://mp.weixin.qq.com/s?__biz=MzIxNDA0MTExMg==&amp;mid=2652138799&amp;idx=1&amp;sn=5dfaef9e516e778be053a5beb4840907&amp;chksm=8c4d5a58bb3ad34ed6bee627b9810c5369e9cee36896f740b44239229ba6c522d6b21fbce236&amp;scene=27#wechat_redirect,打烊。,别人轨迹公布出来都是吃喝玩乐，深圳社畜公布出来全是打工[苦涩][苦涩],19372,,2022-01-07 21:04:18
2022-01-07,深圳2名病例详细轨迹公布！两点三线“看哭”打工人,http://mp.weixin.qq.com/s?__biz=MzIxNDA0MTExMg==&amp;mid=2652138799&amp;idx=1&amp;sn=5dfaef9e516e778be053a5beb4840907&amp;chksm=8c4d5a58bb3ad34ed6bee627b9810c5369e9cee36896f740b44239229ba6c522d6b21fbce236&amp;scene=27#wechat_redirect,Jefffong,挤地铁，上班，吃快餐，上班，回家；吃快餐，挤地铁，上班，吃快餐，上班，回家，吃快餐，挤地铁，上班，吃快餐，上班，回家，吃快餐[捂脸][捂脸],15348,,2022-01-07 21:06:47
2022-01-07,深圳市新冠肺炎疫情防控指挥部办公室发布通告（第1号）,http://mp.weixin.qq.com/s?__biz=MzIxNDA0MTExMg==&amp;mid=2652138626&amp;idx=1&amp;sn=e329fca9b58cb0b5687c189505007f1a&amp;chksm=8c4d5bf5bb3ad2e32f09cda30ca07c23f9985a75ea52d874c44499fa6c38ce1b5ba97b907a3b&amp;scene=27#wechat_redirect,王小懒,表示就想呆在深圳，过年不回家了，我妈逼我相亲好可怕，觉得还是在深圳上班好,13095,,2022-01-07 09:21:10
2022-01-07,深圳报告2例新冠病毒阳性感染者,http://mp.weixin.qq.com/s?__biz=MzIxNDA0MTExMg==&amp;mid=2652138625&amp;idx=1&amp;sn=febdc5faa6e3da7b4001d2700f963ce2&amp;chksm=8c4d5bf6bb3ad2e07e8e3ca1502fa669e19ecc8844c8c68a6c818954fa4687f26b4e4f551d3c&amp;scene=27#wechat_redirect,李津健,深圳一周时间搞定疫情，打工人开开心心回家过年,14514,,2022-01-07 08:20:35
2022-01-07,深圳报告2例新冠病毒阳性感染者,http://mp.weixin.qq.com/s?__biz=MzIxNDA0MTExMg==&amp;mid=2652138625&amp;idx=1&amp;sn=febdc5faa6e3da7b4001d2700f963ce2&amp;chksm=8c4d5bf6bb3ad2e07e8e3ca1502fa669e19ecc8844c8c68a6c818954fa4687f26b4e4f551d3c&amp;scene=27#wechat_redirect,萍子,东莞有疫情时我被深圳人嫌弃，深圳有疫情时我被东莞人嫌弃，苦逼的双城生活[流泪][流泪],10884,,2022-01-07 08:31:30
